{"psnr": 18.319237431117468, "ssim": 0.6042287343740463, "lpips": 0.4840551369530814, "n_gauss": 566723}